[
{
    "model": "goals.category",
    "pk": 1,
    "fields": {
        "user": 3,
        "category": "Health"
    }
},
{
    "model": "goals.category",
    "pk": 3,
    "fields": {
        "user": 3,
        "category": "Home"
    }
},
{
    "model": "goals.category",
    "pk": 4,
    "fields": {
        "user": 3,
        "category": "Family"
    }
},
{
    "model": "goals.category",
    "pk": 5,
    "fields": {
        "user": 3,
        "category": "Work"
    }
},
{
    "model": "goals.category",
    "pk": 7,
    "fields": {
        "user": 3,
        "category": "Finances"
    }
},
{
    "model": "goals.goal",
    "pk": 2,
    "fields": {
        "user": 3,
        "goal": "Lose five pounds",
        "date_created": "2018-03-19T21:41:19.619Z",
        "target_date": null,
        "goal_achieved": false,
        "categories": [
            1
        ],
        "actions": [
            23,
            102,
            116
        ]
    }
},
{
    "model": "goals.goal",
    "pk": 11,
    "fields": {
        "user": 3,
        "goal": "Save money for vacation",
        "date_created": "2018-03-19T21:38:27.475Z",
        "target_date": null,
        "goal_achieved": false,
        "categories": [
            3,
            4,
            7
        ],
        "actions": [
            17,
            53,
            72,
            116
        ]
    }
},
{
    "model": "goals.goal",
    "pk": 18,
    "fields": {
        "user": 3,
        "goal": "Get a promotion at work",
        "date_created": "2018-03-19T21:34:50.671Z",
        "target_date": null,
        "goal_achieved": false,
        "categories": [
            5
        ],
        "actions": [
            114,
            116,
            117,
            118,
            122
        ]
    }
},
{
    "model": "goals.goalscore",
    "pk": 2,
    "fields": {
        "goal": 2,
        "score": "5.0",
        "calculated_at": "2018-01-08T22:54:50.710Z"
    }
},
{
    "model": "goals.goalscore",
    "pk": 7,
    "fields": {
        "goal": 11,
        "score": "10.0",
        "calculated_at": "2018-01-08T22:57:24.719Z"
    }
},
{
    "model": "goals.goalscore",
    "pk": 29,
    "fields": {
        "goal": 11,
        "score": "10.0",
        "calculated_at": "2018-01-09T16:35:31.352Z"
    }
},
{
    "model": "goals.goalscore",
    "pk": 56,
    "fields": {
        "goal": 11,
        "score": "6.7",
        "calculated_at": "2018-01-11T21:08:12.642Z"
    }
},
{
    "model": "goals.goalscore",
    "pk": 76,
    "fields": {
        "goal": 11,
        "score": "7.5",
        "calculated_at": "2018-01-12T06:00:14.377Z"
    }
},
{
    "model": "goals.goalscore",
    "pk": 89,
    "fields": {
        "goal": 11,
        "score": "7.0",
        "calculated_at": "2018-01-13T00:17:49.248Z"
    }
},
{
    "model": "goals.goalscore",
    "pk": 90,
    "fields": {
        "goal": 11,
        "score": "7.5",
        "calculated_at": "2018-01-13T00:17:59.700Z"
    }
},
{
    "model": "goals.goalscore",
    "pk": 114,
    "fields": {
        "goal": 2,
        "score": "7.5",
        "calculated_at": "2018-01-14T22:51:25.486Z"
    }
},
{
    "model": "goals.goalscore",
    "pk": 120,
    "fields": {
        "goal": 2,
        "score": "8.3",
        "calculated_at": "2018-01-16T00:03:30.886Z"
    }
},
{
    "model": "goals.goalscore",
    "pk": 129,
    "fields": {
        "goal": 11,
        "score": "7.9",
        "calculated_at": "2018-01-17T02:29:19.131Z"
    }
},
{
    "model": "goals.goalscore",
    "pk": 143,
    "fields": {
        "goal": 2,
        "score": "8.8",
        "calculated_at": "2018-01-18T02:12:51.910Z"
    }
},
{
    "model": "goals.goalscore",
    "pk": 151,
    "fields": {
        "goal": 11,
        "score": "8.1",
        "calculated_at": "2018-01-18T02:31:49.505Z"
    }
},
{
    "model": "goals.goalscore",
    "pk": 158,
    "fields": {
        "goal": 11,
        "score": "8.3",
        "calculated_at": "2018-01-18T08:58:35.395Z"
    }
},
{
    "model": "goals.goalscore",
    "pk": 181,
    "fields": {
        "goal": 2,
        "score": "7.0",
        "calculated_at": "2018-01-19T02:43:14.348Z"
    }
},
{
    "model": "goals.goalscore",
    "pk": 182,
    "fields": {
        "goal": 11,
        "score": "8.5",
        "calculated_at": "2018-01-19T02:44:51.071Z"
    }
},
{
    "model": "goals.goalscore",
    "pk": 190,
    "fields": {
        "goal": 11,
        "score": "8.6",
        "calculated_at": "2018-01-19T04:11:04.290Z"
    }
},
{
    "model": "goals.goalscore",
    "pk": 194,
    "fields": {
        "goal": 11,
        "score": "7.9",
        "calculated_at": "2018-01-19T04:20:24.330Z"
    }
},
{
    "model": "goals.goalscore",
    "pk": 208,
    "fields": {
        "goal": 11,
        "score": "8.1",
        "calculated_at": "2018-01-20T02:16:55.009Z"
    }
},
{
    "model": "goals.goalscore",
    "pk": 212,
    "fields": {
        "goal": 2,
        "score": "5.8",
        "calculated_at": "2018-01-20T02:19:42.969Z"
    }
},
{
    "model": "goals.goalscore",
    "pk": 240,
    "fields": {
        "goal": 18,
        "score": "10.0",
        "calculated_at": "2018-01-23T01:13:35.521Z"
    }
},
{
    "model": "goals.goalscore",
    "pk": 242,
    "fields": {
        "goal": 11,
        "score": "7.9",
        "calculated_at": "2018-01-23T01:15:49.532Z"
    }
},
{
    "model": "goals.goalscore",
    "pk": 243,
    "fields": {
        "goal": 2,
        "score": "5.0",
        "calculated_at": "2018-01-23T01:15:49.582Z"
    }
},
{
    "model": "goals.goalscore",
    "pk": 244,
    "fields": {
        "goal": 11,
        "score": "7.3",
        "calculated_at": "2018-01-23T01:15:49.582Z"
    }
},
{
    "model": "goals.goalscore",
    "pk": 245,
    "fields": {
        "goal": 18,
        "score": "5.0",
        "calculated_at": "2018-01-23T01:15:49.582Z"
    }
},
{
    "model": "goals.goalscore",
    "pk": 247,
    "fields": {
        "goal": 11,
        "score": "7.5",
        "calculated_at": "2018-01-23T01:17:03.790Z"
    }
},
{
    "model": "goals.goalscore",
    "pk": 257,
    "fields": {
        "goal": 18,
        "score": "6.7",
        "calculated_at": "2018-01-24T01:16:40.899Z"
    }
},
{
    "model": "goals.goalscore",
    "pk": 263,
    "fields": {
        "goal": 11,
        "score": "7.6",
        "calculated_at": "2018-01-24T05:30:31.770Z"
    }
},
{
    "model": "goals.goalscore",
    "pk": 275,
    "fields": {
        "goal": 2,
        "score": "4.4",
        "calculated_at": "2018-01-24T05:35:54.637Z"
    }
},
{
    "model": "goals.goalscore",
    "pk": 276,
    "fields": {
        "goal": 11,
        "score": "7.8",
        "calculated_at": "2018-01-24T05:38:43.415Z"
    }
},
{
    "model": "goals.goalscore",
    "pk": 288,
    "fields": {
        "goal": 11,
        "score": "7.9",
        "calculated_at": "2018-01-24T20:01:15.664Z"
    }
},
{
    "model": "goals.goalscore",
    "pk": 289,
    "fields": {
        "goal": 2,
        "score": "5.0",
        "calculated_at": "2018-01-24T20:01:49.557Z"
    }
},
{
    "model": "goals.goalscore",
    "pk": 297,
    "fields": {
        "goal": 11,
        "score": "7.5",
        "calculated_at": "2018-01-25T08:45:19.466Z"
    }
},
{
    "model": "goals.goalscore",
    "pk": 304,
    "fields": {
        "goal": 18,
        "score": "7.5",
        "calculated_at": "2018-01-25T08:47:06.471Z"
    }
},
{
    "model": "goals.goalscore",
    "pk": 308,
    "fields": {
        "goal": 2,
        "score": "5.5",
        "calculated_at": "2018-01-25T08:51:10.117Z"
    }
},
{
    "model": "goals.goalscore",
    "pk": 314,
    "fields": {
        "goal": 11,
        "score": "7.1",
        "calculated_at": "2018-01-26T06:36:18.290Z"
    }
},
{
    "model": "goals.goalscore",
    "pk": 327,
    "fields": {
        "goal": 11,
        "score": "7.0",
        "calculated_at": "2018-01-26T06:38:56.669Z"
    }
},
{
    "model": "goals.goalscore",
    "pk": 328,
    "fields": {
        "goal": 2,
        "score": "5.9",
        "calculated_at": "2018-01-26T06:39:17.310Z"
    }
},
{
    "model": "goals.goalscore",
    "pk": 336,
    "fields": {
        "goal": 2,
        "score": "5.4",
        "calculated_at": "2018-01-27T03:56:35.642Z"
    }
},
{
    "model": "goals.goalscore",
    "pk": 337,
    "fields": {
        "goal": 2,
        "score": "5.0",
        "calculated_at": "2018-01-27T03:56:35.665Z"
    }
},
{
    "model": "goals.goalscore",
    "pk": 340,
    "fields": {
        "goal": 11,
        "score": "7.2",
        "calculated_at": "2018-01-27T07:05:44.710Z"
    }
},
{
    "model": "goals.goalscore",
    "pk": 355,
    "fields": {
        "goal": 2,
        "score": "4.6",
        "calculated_at": "2018-01-28T01:47:27.758Z"
    }
},
{
    "model": "goals.goalscore",
    "pk": 376,
    "fields": {
        "goal": 18,
        "score": "8.0",
        "calculated_at": "2018-01-31T15:03:50.224Z"
    }
},
{
    "model": "goals.goalscore",
    "pk": 377,
    "fields": {
        "goal": 2,
        "score": "4.3",
        "calculated_at": "2018-01-31T15:04:14.888Z"
    }
},
{
    "model": "goals.goalscore",
    "pk": 378,
    "fields": {
        "goal": 11,
        "score": "6.9",
        "calculated_at": "2018-01-31T15:04:14.888Z"
    }
},
{
    "model": "goals.goalscore",
    "pk": 379,
    "fields": {
        "goal": 18,
        "score": "6.7",
        "calculated_at": "2018-01-31T15:04:14.888Z"
    }
},
{
    "model": "goals.goalscore",
    "pk": 380,
    "fields": {
        "goal": 18,
        "score": "7.1",
        "calculated_at": "2018-01-31T15:04:29.569Z"
    }
},
{
    "model": "goals.goalscore",
    "pk": 384,
    "fields": {
        "goal": 11,
        "score": "6.6",
        "calculated_at": "2018-01-31T15:06:34.404Z"
    }
},
{
    "model": "goals.goalscore",
    "pk": 391,
    "fields": {
        "goal": 11,
        "score": "6.3",
        "calculated_at": "2018-01-31T15:08:25.303Z"
    }
},
{
    "model": "goals.goalscore",
    "pk": 402,
    "fields": {
        "goal": 2,
        "score": "4.1",
        "calculated_at": "2018-01-31T15:10:09.859Z"
    }
},
{
    "model": "goals.goalscore",
    "pk": 403,
    "fields": {
        "goal": 2,
        "score": "3.8",
        "calculated_at": "2018-01-31T15:10:13.316Z"
    }
},
{
    "model": "goals.goalscore",
    "pk": 407,
    "fields": {
        "goal": 18,
        "score": "7.5",
        "calculated_at": "2018-02-01T03:29:06.216Z"
    }
},
{
    "model": "goals.goalscore",
    "pk": 408,
    "fields": {
        "goal": 18,
        "score": "7.8",
        "calculated_at": "2018-02-01T03:30:01.793Z"
    }
},
{
    "model": "goals.goalscore",
    "pk": 409,
    "fields": {
        "goal": 18,
        "score": "8.0",
        "calculated_at": "2018-02-01T03:30:13.194Z"
    }
},
{
    "model": "goals.goalscore",
    "pk": 425,
    "fields": {
        "goal": 11,
        "score": "6.5",
        "calculated_at": "2018-02-02T01:16:15.276Z"
    }
},
{
    "model": "goals.goalscore",
    "pk": 426,
    "fields": {
        "goal": 11,
        "score": "6.6",
        "calculated_at": "2018-02-02T01:16:20.930Z"
    }
},
{
    "model": "goals.goalscore",
    "pk": 427,
    "fields": {
        "goal": 11,
        "score": "6.7",
        "calculated_at": "2018-02-02T01:16:23.089Z"
    }
},
{
    "model": "goals.goalscore",
    "pk": 428,
    "fields": {
        "goal": 2,
        "score": "4.2",
        "calculated_at": "2018-02-02T01:16:35.655Z"
    }
},
{
    "model": "goals.goalscore",
    "pk": 429,
    "fields": {
        "goal": 2,
        "score": "4.5",
        "calculated_at": "2018-02-02T01:16:38.257Z"
    }
},
{
    "model": "goals.goalscore",
    "pk": 432,
    "fields": {
        "goal": 18,
        "score": "8.2",
        "calculated_at": "2018-02-02T01:18:23.607Z"
    }
},
{
    "model": "goals.goalscore",
    "pk": 433,
    "fields": {
        "goal": 18,
        "score": "8.3",
        "calculated_at": "2018-02-02T01:18:26.577Z"
    }
},
{
    "model": "goals.goalscore",
    "pk": 455,
    "fields": {
        "goal": 2,
        "score": "4.8",
        "calculated_at": "2018-02-05T00:45:28.734Z"
    }
},
{
    "model": "goals.goalscore",
    "pk": 456,
    "fields": {
        "goal": 11,
        "score": "6.8",
        "calculated_at": "2018-02-05T00:45:28.734Z"
    }
},
{
    "model": "goals.goalscore",
    "pk": 457,
    "fields": {
        "goal": 18,
        "score": "8.5",
        "calculated_at": "2018-02-05T00:45:28.734Z"
    }
},
{
    "model": "goals.goalscore",
    "pk": 462,
    "fields": {
        "goal": 2,
        "score": "5.0",
        "calculated_at": "2018-02-05T00:46:29.942Z"
    }
},
{
    "model": "goals.goalscore",
    "pk": 463,
    "fields": {
        "goal": 18,
        "score": "8.6",
        "calculated_at": "2018-02-05T00:47:47.704Z"
    }
},
{
    "model": "goals.goalscore",
    "pk": 464,
    "fields": {
        "goal": 18,
        "score": "8.7",
        "calculated_at": "2018-02-05T00:47:56.899Z"
    }
},
{
    "model": "goals.goalscore",
    "pk": 478,
    "fields": {
        "goal": 18,
        "score": "8.8",
        "calculated_at": "2018-02-07T01:56:17.096Z"
    }
},
{
    "model": "goals.goalscore",
    "pk": 487,
    "fields": {
        "goal": 11,
        "score": "6.6",
        "calculated_at": "2018-02-07T02:00:27.364Z"
    }
},
{
    "model": "goals.goalscore",
    "pk": 500,
    "fields": {
        "goal": 11,
        "score": "6.4",
        "calculated_at": "2018-02-07T02:05:31.341Z"
    }
},
{
    "model": "goals.goalscore",
    "pk": 501,
    "fields": {
        "goal": 11,
        "score": "6.5",
        "calculated_at": "2018-02-07T02:05:34.699Z"
    }
},
{
    "model": "goals.goalscore",
    "pk": 508,
    "fields": {
        "goal": 2,
        "score": "4.8",
        "calculated_at": "2018-02-07T02:13:21.253Z"
    }
},
{
    "model": "goals.goalscore",
    "pk": 513,
    "fields": {
        "goal": 11,
        "score": "6.6",
        "calculated_at": "2018-02-07T06:59:36.687Z"
    }
},
{
    "model": "goals.goalscore",
    "pk": 531,
    "fields": {
        "goal": 2,
        "score": "4.6",
        "calculated_at": "2018-02-08T03:41:08.300Z"
    }
},
{
    "model": "goals.goalscore",
    "pk": 532,
    "fields": {
        "goal": 11,
        "score": "6.4",
        "calculated_at": "2018-02-08T03:41:08.300Z"
    }
},
{
    "model": "goals.goalscore",
    "pk": 533,
    "fields": {
        "goal": 18,
        "score": "8.2",
        "calculated_at": "2018-02-08T03:41:08.300Z"
    }
},
{
    "model": "goals.goalscore",
    "pk": 534,
    "fields": {
        "goal": 11,
        "score": "6.5",
        "calculated_at": "2018-02-08T03:41:18.454Z"
    }
},
{
    "model": "goals.goalscore",
    "pk": 535,
    "fields": {
        "goal": 11,
        "score": "6.4",
        "calculated_at": "2018-02-08T03:41:22.502Z"
    }
},
{
    "model": "goals.goalscore",
    "pk": 539,
    "fields": {
        "goal": 11,
        "score": "6.4",
        "calculated_at": "2018-02-08T04:54:19.292Z"
    }
},
{
    "model": "goals.goalscore",
    "pk": 540,
    "fields": {
        "goal": 2,
        "score": "4.8",
        "calculated_at": "2018-02-08T04:54:45.282Z"
    }
},
{
    "model": "goals.goalscore",
    "pk": 546,
    "fields": {
        "goal": 18,
        "score": "8.3",
        "calculated_at": "2018-02-09T07:14:35.970Z"
    }
},
{
    "model": "goals.goalscore",
    "pk": 547,
    "fields": {
        "goal": 18,
        "score": "8.4",
        "calculated_at": "2018-02-09T07:14:48.860Z"
    }
},
{
    "model": "goals.goalscore",
    "pk": 563,
    "fields": {
        "goal": 11,
        "score": "6.5",
        "calculated_at": "2018-02-09T07:17:27.443Z"
    }
},
{
    "model": "goals.goalscore",
    "pk": 573,
    "fields": {
        "goal": 2,
        "score": "4.6",
        "calculated_at": "2018-02-09T07:22:04.221Z"
    }
},
{
    "model": "goals.goalscore",
    "pk": 576,
    "fields": {
        "goal": 2,
        "score": "4.8",
        "calculated_at": "2018-02-09T21:36:16.157Z"
    }
},
{
    "model": "goals.goalscore",
    "pk": 579,
    "fields": {
        "goal": 18,
        "score": "8.5",
        "calculated_at": "2018-02-12T00:40:05.470Z"
    }
},
{
    "model": "goals.goalscore",
    "pk": 580,
    "fields": {
        "goal": 18,
        "score": "8.6",
        "calculated_at": "2018-02-12T00:40:09.798Z"
    }
},
{
    "model": "goals.goalscore",
    "pk": 589,
    "fields": {
        "goal": 18,
        "score": "8.6",
        "calculated_at": "2018-02-13T05:25:46.579Z"
    }
},
{
    "model": "goals.goalscore",
    "pk": 590,
    "fields": {
        "goal": 18,
        "score": "8.7",
        "calculated_at": "2018-02-13T05:26:37.962Z"
    }
},
{
    "model": "goals.goalscore",
    "pk": 602,
    "fields": {
        "goal": 11,
        "score": "6.4",
        "calculated_at": "2018-02-13T05:28:54.534Z"
    }
},
{
    "model": "goals.goalscore",
    "pk": 603,
    "fields": {
        "goal": 11,
        "score": "6.2",
        "calculated_at": "2018-02-13T05:28:57.993Z"
    }
},
{
    "model": "goals.goalscore",
    "pk": 608,
    "fields": {
        "goal": 2,
        "score": "4.6",
        "calculated_at": "2018-02-13T05:30:42.517Z"
    }
},
{
    "model": "goals.goalscore",
    "pk": 609,
    "fields": {
        "goal": 2,
        "score": "4.5",
        "calculated_at": "2018-02-13T05:30:48.397Z"
    }
},
{
    "model": "goals.goalscore",
    "pk": 613,
    "fields": {
        "goal": 2,
        "score": "4.3",
        "calculated_at": "2018-02-14T07:20:56.063Z"
    }
},
{
    "model": "goals.goalscore",
    "pk": 614,
    "fields": {
        "goal": 2,
        "score": "4.2",
        "calculated_at": "2018-02-14T07:21:09.677Z"
    }
},
{
    "model": "goals.goalscore",
    "pk": 615,
    "fields": {
        "goal": 2,
        "score": "4.0",
        "calculated_at": "2018-02-14T07:21:19.958Z"
    }
},
{
    "model": "goals.goalscore",
    "pk": 616,
    "fields": {
        "goal": 11,
        "score": "6.1",
        "calculated_at": "2018-02-14T07:21:19.958Z"
    }
},
{
    "model": "goals.goalscore",
    "pk": 617,
    "fields": {
        "goal": 18,
        "score": "8.3",
        "calculated_at": "2018-02-14T07:21:19.958Z"
    }
},
{
    "model": "goals.goalscore",
    "pk": 625,
    "fields": {
        "goal": 11,
        "score": "6.2",
        "calculated_at": "2018-02-14T07:24:43.958Z"
    }
},
{
    "model": "goals.goalscore",
    "pk": 626,
    "fields": {
        "goal": 11,
        "score": "6.0",
        "calculated_at": "2018-02-14T07:24:50.822Z"
    }
},
{
    "model": "goals.goalscore",
    "pk": 627,
    "fields": {
        "goal": 11,
        "score": "5.9",
        "calculated_at": "2018-02-14T07:24:55.058Z"
    }
},
{
    "model": "goals.goalscore",
    "pk": 644,
    "fields": {
        "goal": 18,
        "score": "8.4",
        "calculated_at": "2018-02-14T07:31:40.612Z"
    }
},
{
    "model": "goals.goalscore",
    "pk": 645,
    "fields": {
        "goal": 18,
        "score": "8.3",
        "calculated_at": "2018-02-14T07:31:51.891Z"
    }
},
{
    "model": "goals.goalscore",
    "pk": 646,
    "fields": {
        "goal": 18,
        "score": "8.1",
        "calculated_at": "2018-02-14T07:31:58.536Z"
    }
},
{
    "model": "goals.goalscore",
    "pk": 647,
    "fields": {
        "goal": 18,
        "score": "8.0",
        "calculated_at": "2018-02-14T07:32:09.727Z"
    }
},
{
    "model": "goals.goalscore",
    "pk": 655,
    "fields": {
        "goal": 18,
        "score": "8.1",
        "calculated_at": "2018-02-15T14:58:26.457Z"
    }
},
{
    "model": "goals.goalscore",
    "pk": 656,
    "fields": {
        "goal": 18,
        "score": "8.2",
        "calculated_at": "2018-02-15T14:58:30.693Z"
    }
},
{
    "model": "goals.goalscore",
    "pk": 666,
    "fields": {
        "goal": 11,
        "score": "6.0",
        "calculated_at": "2018-02-15T15:00:14.622Z"
    }
},
{
    "model": "goals.goalscore",
    "pk": 673,
    "fields": {
        "goal": 11,
        "score": "6.1",
        "calculated_at": "2018-02-15T15:02:22.736Z"
    }
},
{
    "model": "goals.goalscore",
    "pk": 675,
    "fields": {
        "goal": 2,
        "score": "4.2",
        "calculated_at": "2018-02-15T15:02:48.109Z"
    }
},
{
    "model": "goals.goalscore",
    "pk": 693,
    "fields": {
        "goal": 11,
        "score": "6.1",
        "calculated_at": "2018-02-16T05:59:53.421Z"
    }
},
{
    "model": "goals.goalscore",
    "pk": 700,
    "fields": {
        "goal": 11,
        "score": "6.2",
        "calculated_at": "2018-02-16T06:05:00.568Z"
    }
},
{
    "model": "goals.goalscore",
    "pk": 705,
    "fields": {
        "goal": 2,
        "score": "4.1",
        "calculated_at": "2018-02-16T06:06:23.526Z"
    }
},
{
    "model": "goals.goalscore",
    "pk": 706,
    "fields": {
        "goal": 2,
        "score": "4.0",
        "calculated_at": "2018-02-16T06:06:26.366Z"
    }
},
{
    "model": "goals.goalscore",
    "pk": 714,
    "fields": {
        "goal": 11,
        "score": "6.3",
        "calculated_at": "2018-02-17T06:01:50.680Z"
    }
},
{
    "model": "goals.goalscore",
    "pk": 715,
    "fields": {
        "goal": 11,
        "score": "6.2",
        "calculated_at": "2018-02-17T06:02:29.619Z"
    }
},
{
    "model": "goals.goalscore",
    "pk": 716,
    "fields": {
        "goal": 11,
        "score": "6.1",
        "calculated_at": "2018-02-17T06:02:33.417Z"
    }
},
{
    "model": "goals.goalscore",
    "pk": 717,
    "fields": {
        "goal": 2,
        "score": "3.9",
        "calculated_at": "2018-02-17T06:02:39.627Z"
    }
},
{
    "model": "goals.goalscore",
    "pk": 718,
    "fields": {
        "goal": 11,
        "score": "5.9",
        "calculated_at": "2018-02-17T06:02:39.627Z"
    }
},
{
    "model": "goals.goalscore",
    "pk": 719,
    "fields": {
        "goal": 18,
        "score": "7.9",
        "calculated_at": "2018-02-17T06:02:39.627Z"
    }
},
{
    "model": "goals.goalscore",
    "pk": 724,
    "fields": {
        "goal": 2,
        "score": "3.8",
        "calculated_at": "2018-02-17T06:03:56.981Z"
    }
},
{
    "model": "goals.goalscore",
    "pk": 725,
    "fields": {
        "goal": 2,
        "score": "3.6",
        "calculated_at": "2018-02-17T06:04:00.743Z"
    }
},
{
    "model": "goals.goalscore",
    "pk": 739,
    "fields": {
        "goal": 18,
        "score": "8.0",
        "calculated_at": "2018-02-21T02:37:18.480Z"
    }
},
{
    "model": "goals.goalscore",
    "pk": 740,
    "fields": {
        "goal": 18,
        "score": "8.0",
        "calculated_at": "2018-02-21T02:37:24.352Z"
    }
},
{
    "model": "goals.goalscore",
    "pk": 750,
    "fields": {
        "goal": 11,
        "score": "6.0",
        "calculated_at": "2018-02-21T02:40:12.391Z"
    }
},
{
    "model": "goals.goalscore",
    "pk": 752,
    "fields": {
        "goal": 11,
        "score": "6.1",
        "calculated_at": "2018-02-21T02:40:17.138Z"
    }
},
{
    "model": "goals.goalscore",
    "pk": 753,
    "fields": {
        "goal": 11,
        "score": "6.2",
        "calculated_at": "2018-02-21T02:40:24.624Z"
    }
},
{
    "model": "goals.goalscore",
    "pk": 754,
    "fields": {
        "goal": 11,
        "score": "6.1",
        "calculated_at": "2018-02-21T02:40:31.923Z"
    }
},
{
    "model": "goals.goalscore",
    "pk": 755,
    "fields": {
        "goal": 2,
        "score": "3.8",
        "calculated_at": "2018-02-21T02:40:58.020Z"
    }
},
{
    "model": "goals.goalscore",
    "pk": 756,
    "fields": {
        "goal": 2,
        "score": "3.7",
        "calculated_at": "2018-02-21T02:40:59.831Z"
    }
},
{
    "model": "goals.goalscore",
    "pk": 757,
    "fields": {
        "goal": 2,
        "score": "3.9",
        "calculated_at": "2018-02-21T02:41:03.871Z"
    }
},
{
    "model": "goals.goalscore",
    "pk": 758,
    "fields": {
        "goal": 2,
        "score": "3.8",
        "calculated_at": "2018-02-21T02:41:08.649Z"
    }
},
{
    "model": "goals.goalscore",
    "pk": 759,
    "fields": {
        "goal": 2,
        "score": "3.7",
        "calculated_at": "2018-02-21T02:41:10.348Z"
    }
},
{
    "model": "goals.goalscore",
    "pk": 760,
    "fields": {
        "goal": 2,
        "score": "3.6",
        "calculated_at": "2018-02-21T02:41:15.150Z"
    }
},
{
    "model": "goals.goalscore",
    "pk": 775,
    "fields": {
        "goal": 11,
        "score": "6.1",
        "calculated_at": "2018-02-21T15:56:16.341Z"
    }
},
{
    "model": "goals.goalscore",
    "pk": 780,
    "fields": {
        "goal": 18,
        "score": "8.1",
        "calculated_at": "2018-02-22T06:28:55.361Z"
    }
},
{
    "model": "goals.goalscore",
    "pk": 781,
    "fields": {
        "goal": 18,
        "score": "8.1",
        "calculated_at": "2018-02-22T06:29:06.401Z"
    }
},
{
    "model": "goals.goalscore",
    "pk": 799,
    "fields": {
        "goal": 11,
        "score": "6.2",
        "calculated_at": "2018-02-22T06:34:57.031Z"
    }
},
{
    "model": "goals.goalscore",
    "pk": 803,
    "fields": {
        "goal": 11,
        "score": "6.2",
        "calculated_at": "2018-02-22T06:35:47.216Z"
    }
},
{
    "model": "goals.goalscore",
    "pk": 807,
    "fields": {
        "goal": 2,
        "score": "3.8",
        "calculated_at": "2018-02-22T06:36:47.504Z"
    }
},
{
    "model": "goals.goalscore",
    "pk": 808,
    "fields": {
        "goal": 2,
        "score": "3.9",
        "calculated_at": "2018-02-22T06:36:51.588Z"
    }
},
{
    "model": "goals.goalscore",
    "pk": 817,
    "fields": {
        "goal": 18,
        "score": "8.2",
        "calculated_at": "2018-02-27T18:37:46.858Z"
    }
},
{
    "model": "goals.goalscore",
    "pk": 834,
    "fields": {
        "goal": 18,
        "score": "8.2",
        "calculated_at": "2018-02-28T00:45:44.897Z"
    }
},
{
    "model": "goals.goalscore",
    "pk": 835,
    "fields": {
        "goal": 18,
        "score": "8.2",
        "calculated_at": "2018-02-28T06:05:12.713Z"
    }
},
{
    "model": "goals.goalscore",
    "pk": 836,
    "fields": {
        "goal": 18,
        "score": "7.9",
        "calculated_at": "2018-02-28T06:07:07.275Z"
    }
},
{
    "model": "goals.goalscore",
    "pk": 854,
    "fields": {
        "goal": 2,
        "score": "4.0",
        "calculated_at": "2018-03-16T00:36:17.459Z"
    }
},
{
    "model": "goals.goalscore",
    "pk": 855,
    "fields": {
        "goal": 2,
        "score": "4.1",
        "calculated_at": "2018-03-16T00:36:21.743Z"
    }
},
{
    "model": "goals.goalscore",
    "pk": 856,
    "fields": {
        "goal": 2,
        "score": "4.3",
        "calculated_at": "2018-03-16T00:36:24.136Z"
    }
},
{
    "model": "goals.goalscore",
    "pk": 857,
    "fields": {
        "goal": 2,
        "score": "4.1",
        "calculated_at": "2018-03-19T22:23:47.203Z"
    }
},
{
    "model": "goals.goalscore",
    "pk": 858,
    "fields": {
        "goal": 2,
        "score": "4.0",
        "calculated_at": "2018-03-19T22:23:49.206Z"
    }
},
{
    "model": "goals.goalscore",
    "pk": 859,
    "fields": {
        "goal": 2,
        "score": "3.9",
        "calculated_at": "2018-03-19T22:23:50.919Z"
    }
},
{
    "model": "goals.action",
    "pk": 17,
    "fields": {
        "user": 3,
        "action": "Cancel unused subscriptions",
        "priority": null,
        "action_completed": false
    }
},
{
    "model": "goals.action",
    "pk": 23,
    "fields": {
        "user": 3,
        "action": "Go to the gym every day",
        "priority": null,
        "action_completed": false
    }
},
{
    "model": "goals.action",
    "pk": 53,
    "fields": {
        "user": 3,
        "action": "Figure out fun things to do for free",
        "priority": null,
        "action_completed": false
    }
},
{
    "model": "goals.action",
    "pk": 72,
    "fields": {
        "user": 3,
        "action": "When you're tempted to spend money look at pictures of Hawaii",
        "priority": null,
        "action_completed": false
    }
},
{
    "model": "goals.action",
    "pk": 102,
    "fields": {
        "user": 3,
        "action": "No fast food",
        "priority": null,
        "action_completed": false
    }
},
{
    "model": "goals.action",
    "pk": 114,
    "fields": {
        "user": 3,
        "action": "Finish work on time",
        "priority": null,
        "action_completed": false
    }
},
{
    "model": "goals.action",
    "pk": 116,
    "fields": {
        "user": 3,
        "action": "Have a positive attitude and focus on the outcome",
        "priority": null,
        "action_completed": false
    }
},
{
    "model": "goals.action",
    "pk": 117,
    "fields": {
        "user": 3,
        "action": "Make the company money",
        "priority": null,
        "action_completed": false
    }
},
{
    "model": "goals.action",
    "pk": 118,
    "fields": {
        "user": 3,
        "action": "Be nice to my co-workers",
        "priority": 2,
        "action_completed": false
    }
},
{
    "model": "goals.action",
    "pk": 122,
    "fields": {
        "user": 3,
        "action": "Compliment my boss on his weird new beard",
        "priority": 4,
        "action_completed": false
    }
},
{
    "model": "goals.actionlog",
    "pk": 59,
    "fields": {
        "action": 23,
        "action_status": 5,
        "status_logged": "2018-01-08T22:54:50.710Z"
    }
},
{
    "model": "goals.actionlog",
    "pk": 65,
    "fields": {
        "action": 17,
        "action_status": 10,
        "status_logged": "2018-01-08T22:57:24.719Z"
    }
},
{
    "model": "goals.actionlog",
    "pk": 89,
    "fields": {
        "action": 17,
        "action_status": 10,
        "status_logged": "2018-01-09T16:35:31.352Z"
    }
},
{
    "model": "goals.actionlog",
    "pk": 113,
    "fields": {
        "action": 53,
        "action_status": 0,
        "status_logged": "2018-01-11T21:08:12.642Z"
    }
},
{
    "model": "goals.actionlog",
    "pk": 133,
    "fields": {
        "action": 17,
        "action_status": 10,
        "status_logged": "2018-01-12T06:00:14.377Z"
    }
},
{
    "model": "goals.actionlog",
    "pk": 147,
    "fields": {
        "action": 72,
        "action_status": 5,
        "status_logged": "2018-01-13T00:17:49.248Z"
    }
},
{
    "model": "goals.actionlog",
    "pk": 148,
    "fields": {
        "action": 72,
        "action_status": 10,
        "status_logged": "2018-01-13T00:17:59.700Z"
    }
},
{
    "model": "goals.actionlog",
    "pk": 174,
    "fields": {
        "action": 23,
        "action_status": 10,
        "status_logged": "2018-01-14T22:51:25.486Z"
    }
},
{
    "model": "goals.actionlog",
    "pk": 180,
    "fields": {
        "action": 23,
        "action_status": 10,
        "status_logged": "2018-01-16T00:03:30.886Z"
    }
},
{
    "model": "goals.actionlog",
    "pk": 190,
    "fields": {
        "action": 72,
        "action_status": 10,
        "status_logged": "2018-01-17T02:29:19.131Z"
    }
},
{
    "model": "goals.actionlog",
    "pk": 204,
    "fields": {
        "action": 23,
        "action_status": 10,
        "status_logged": "2018-01-18T02:12:51.910Z"
    }
},
{
    "model": "goals.actionlog",
    "pk": 212,
    "fields": {
        "action": 53,
        "action_status": 10,
        "status_logged": "2018-01-18T02:31:49.505Z"
    }
},
{
    "model": "goals.actionlog",
    "pk": 218,
    "fields": {
        "action": 17,
        "action_status": 10,
        "status_logged": "2018-01-18T08:58:35.395Z"
    }
},
{
    "model": "goals.actionlog",
    "pk": 240,
    "fields": {
        "action": 102,
        "action_status": 0,
        "status_logged": "2018-01-19T02:43:14.348Z"
    }
},
{
    "model": "goals.actionlog",
    "pk": 241,
    "fields": {
        "action": 72,
        "action_status": 10,
        "status_logged": "2018-01-19T02:44:51.071Z"
    }
},
{
    "model": "goals.actionlog",
    "pk": 246,
    "fields": {
        "action": 17,
        "action_status": 10,
        "status_logged": "2018-01-19T04:11:04.290Z"
    }
},
{
    "model": "goals.actionlog",
    "pk": 251,
    "fields": {
        "action": 53,
        "action_status": 0,
        "status_logged": "2018-01-19T04:20:24.330Z"
    }
},
{
    "model": "goals.actionlog",
    "pk": 265,
    "fields": {
        "action": 72,
        "action_status": 10,
        "status_logged": "2018-01-20T02:16:55.009Z"
    }
},
{
    "model": "goals.actionlog",
    "pk": 269,
    "fields": {
        "action": 102,
        "action_status": 0,
        "status_logged": "2018-01-20T02:19:42.969Z"
    }
},
{
    "model": "goals.actionlog",
    "pk": 298,
    "fields": {
        "action": 114,
        "action_status": 10,
        "status_logged": "2018-01-23T01:13:35.521Z"
    }
},
{
    "model": "goals.actionlog",
    "pk": 300,
    "fields": {
        "action": 72,
        "action_status": 5,
        "status_logged": "2018-01-23T01:15:49.532Z"
    }
},
{
    "model": "goals.actionlog",
    "pk": 302,
    "fields": {
        "action": 116,
        "action_status": 0,
        "status_logged": "2018-01-23T01:15:49.582Z"
    }
},
{
    "model": "goals.actionlog",
    "pk": 303,
    "fields": {
        "action": 17,
        "action_status": 10,
        "status_logged": "2018-01-23T01:17:03.790Z"
    }
},
{
    "model": "goals.actionlog",
    "pk": 312,
    "fields": {
        "action": 122,
        "action_status": 10,
        "status_logged": "2018-01-24T01:16:40.899Z"
    }
},
{
    "model": "goals.actionlog",
    "pk": 318,
    "fields": {
        "action": 17,
        "action_status": 10,
        "status_logged": "2018-01-24T05:30:31.770Z"
    }
},
{
    "model": "goals.actionlog",
    "pk": 330,
    "fields": {
        "action": 102,
        "action_status": 0,
        "status_logged": "2018-01-24T05:35:54.637Z"
    }
},
{
    "model": "goals.actionlog",
    "pk": 331,
    "fields": {
        "action": 72,
        "action_status": 10,
        "status_logged": "2018-01-24T05:38:43.415Z"
    }
},
{
    "model": "goals.actionlog",
    "pk": 342,
    "fields": {
        "action": 53,
        "action_status": 10,
        "status_logged": "2018-01-24T20:01:15.664Z"
    }
},
{
    "model": "goals.actionlog",
    "pk": 343,
    "fields": {
        "action": 23,
        "action_status": 10,
        "status_logged": "2018-01-24T20:01:49.557Z"
    }
},
{
    "model": "goals.actionlog",
    "pk": 348,
    "fields": {
        "action": 17,
        "action_status": 0,
        "status_logged": "2018-01-25T08:45:19.466Z"
    }
},
{
    "model": "goals.actionlog",
    "pk": 355,
    "fields": {
        "action": 122,
        "action_status": 10,
        "status_logged": "2018-01-25T08:47:06.471Z"
    }
},
{
    "model": "goals.actionlog",
    "pk": 361,
    "fields": {
        "action": 102,
        "action_status": 10,
        "status_logged": "2018-01-25T08:51:10.117Z"
    }
},
{
    "model": "goals.actionlog",
    "pk": 367,
    "fields": {
        "action": 17,
        "action_status": 0,
        "status_logged": "2018-01-26T06:36:18.290Z"
    }
},
{
    "model": "goals.actionlog",
    "pk": 379,
    "fields": {
        "action": 53,
        "action_status": 5,
        "status_logged": "2018-01-26T06:38:56.669Z"
    }
},
{
    "model": "goals.actionlog",
    "pk": 380,
    "fields": {
        "action": 102,
        "action_status": 10,
        "status_logged": "2018-01-26T06:39:17.310Z"
    }
},
{
    "model": "goals.actionlog",
    "pk": 388,
    "fields": {
        "action": 23,
        "action_status": 0,
        "status_logged": "2018-01-27T03:56:35.642Z"
    }
},
{
    "model": "goals.actionlog",
    "pk": 389,
    "fields": {
        "action": 102,
        "action_status": 0,
        "status_logged": "2018-01-27T03:56:35.665Z"
    }
},
{
    "model": "goals.actionlog",
    "pk": 391,
    "fields": {
        "action": 17,
        "action_status": 10,
        "status_logged": "2018-01-27T07:05:44.710Z"
    }
},
{
    "model": "goals.actionlog",
    "pk": 405,
    "fields": {
        "action": 102,
        "action_status": 0,
        "status_logged": "2018-01-28T01:47:27.758Z"
    }
},
{
    "model": "goals.actionlog",
    "pk": 426,
    "fields": {
        "action": 114,
        "action_status": 10,
        "status_logged": "2018-01-31T15:03:50.224Z"
    }
},
{
    "model": "goals.actionlog",
    "pk": 427,
    "fields": {
        "action": 116,
        "action_status": 0,
        "status_logged": "2018-01-31T15:04:14.888Z"
    }
},
{
    "model": "goals.actionlog",
    "pk": 428,
    "fields": {
        "action": 117,
        "action_status": 10,
        "status_logged": "2018-01-31T15:04:29.569Z"
    }
},
{
    "model": "goals.actionlog",
    "pk": 431,
    "fields": {
        "action": 17,
        "action_status": 0,
        "status_logged": "2018-01-31T15:06:34.404Z"
    }
},
{
    "model": "goals.actionlog",
    "pk": 436,
    "fields": {
        "action": 72,
        "action_status": 0,
        "status_logged": "2018-01-31T15:08:25.303Z"
    }
},
{
    "model": "goals.actionlog",
    "pk": 446,
    "fields": {
        "action": 23,
        "action_status": 0,
        "status_logged": "2018-01-31T15:10:09.859Z"
    }
},
{
    "model": "goals.actionlog",
    "pk": 447,
    "fields": {
        "action": 102,
        "action_status": 0,
        "status_logged": "2018-01-31T15:10:13.316Z"
    }
},
{
    "model": "goals.actionlog",
    "pk": 451,
    "fields": {
        "action": 117,
        "action_status": 10,
        "status_logged": "2018-02-01T03:29:06.216Z"
    }
},
{
    "model": "goals.actionlog",
    "pk": 452,
    "fields": {
        "action": 118,
        "action_status": 10,
        "status_logged": "2018-02-01T03:30:01.793Z"
    }
},
{
    "model": "goals.actionlog",
    "pk": 453,
    "fields": {
        "action": 122,
        "action_status": 10,
        "status_logged": "2018-02-01T03:30:13.194Z"
    }
},
{
    "model": "goals.actionlog",
    "pk": 464,
    "fields": {
        "action": 17,
        "action_status": 10,
        "status_logged": "2018-02-02T01:16:15.276Z"
    }
},
{
    "model": "goals.actionlog",
    "pk": 465,
    "fields": {
        "action": 53,
        "action_status": 10,
        "status_logged": "2018-02-02T01:16:20.930Z"
    }
},
{
    "model": "goals.actionlog",
    "pk": 466,
    "fields": {
        "action": 72,
        "action_status": 10,
        "status_logged": "2018-02-02T01:16:23.089Z"
    }
},
{
    "model": "goals.actionlog",
    "pk": 467,
    "fields": {
        "action": 23,
        "action_status": 10,
        "status_logged": "2018-02-02T01:16:35.655Z"
    }
},
{
    "model": "goals.actionlog",
    "pk": 468,
    "fields": {
        "action": 102,
        "action_status": 10,
        "status_logged": "2018-02-02T01:16:38.257Z"
    }
},
{
    "model": "goals.actionlog",
    "pk": 471,
    "fields": {
        "action": 118,
        "action_status": 10,
        "status_logged": "2018-02-02T01:18:23.607Z"
    }
},
{
    "model": "goals.actionlog",
    "pk": 472,
    "fields": {
        "action": 122,
        "action_status": 10,
        "status_logged": "2018-02-02T01:18:26.577Z"
    }
},
{
    "model": "goals.actionlog",
    "pk": 487,
    "fields": {
        "action": 116,
        "action_status": 10,
        "status_logged": "2018-02-05T00:45:28.734Z"
    }
},
{
    "model": "goals.actionlog",
    "pk": 492,
    "fields": {
        "action": 102,
        "action_status": 10,
        "status_logged": "2018-02-05T00:46:29.942Z"
    }
},
{
    "model": "goals.actionlog",
    "pk": 493,
    "fields": {
        "action": 117,
        "action_status": 10,
        "status_logged": "2018-02-05T00:47:47.704Z"
    }
},
{
    "model": "goals.actionlog",
    "pk": 494,
    "fields": {
        "action": 118,
        "action_status": 10,
        "status_logged": "2018-02-05T00:47:56.899Z"
    }
},
{
    "model": "goals.actionlog",
    "pk": 508,
    "fields": {
        "action": 118,
        "action_status": 10,
        "status_logged": "2018-02-07T01:56:17.096Z"
    }
},
{
    "model": "goals.actionlog",
    "pk": 513,
    "fields": {
        "action": 17,
        "action_status": 0,
        "status_logged": "2018-02-07T02:00:27.364Z"
    }
},
{
    "model": "goals.actionlog",
    "pk": 523,
    "fields": {
        "action": 53,
        "action_status": 0,
        "status_logged": "2018-02-07T02:05:31.341Z"
    }
},
{
    "model": "goals.actionlog",
    "pk": 524,
    "fields": {
        "action": 72,
        "action_status": 10,
        "status_logged": "2018-02-07T02:05:34.699Z"
    }
},
{
    "model": "goals.actionlog",
    "pk": 531,
    "fields": {
        "action": 102,
        "action_status": 0,
        "status_logged": "2018-02-07T02:13:21.253Z"
    }
},
{
    "model": "goals.actionlog",
    "pk": 535,
    "fields": {
        "action": 17,
        "action_status": 10,
        "status_logged": "2018-02-07T06:59:36.687Z"
    }
},
{
    "model": "goals.actionlog",
    "pk": 547,
    "fields": {
        "action": 116,
        "action_status": 0,
        "status_logged": "2018-02-08T03:41:08.300Z"
    }
},
{
    "model": "goals.actionlog",
    "pk": 548,
    "fields": {
        "action": 53,
        "action_status": 10,
        "status_logged": "2018-02-08T03:41:18.454Z"
    }
},
{
    "model": "goals.actionlog",
    "pk": 549,
    "fields": {
        "action": 72,
        "action_status": 0,
        "status_logged": "2018-02-08T03:41:22.502Z"
    }
},
{
    "model": "goals.actionlog",
    "pk": 553,
    "fields": {
        "action": 53,
        "action_status": 10,
        "status_logged": "2018-02-08T04:54:19.292Z"
    }
},
{
    "model": "goals.actionlog",
    "pk": 554,
    "fields": {
        "action": 23,
        "action_status": 10,
        "status_logged": "2018-02-08T04:54:45.282Z"
    }
},
{
    "model": "goals.actionlog",
    "pk": 559,
    "fields": {
        "action": 118,
        "action_status": 10,
        "status_logged": "2018-02-09T07:14:35.970Z"
    }
},
{
    "model": "goals.actionlog",
    "pk": 560,
    "fields": {
        "action": 117,
        "action_status": 10,
        "status_logged": "2018-02-09T07:14:48.860Z"
    }
},
{
    "model": "goals.actionlog",
    "pk": 569,
    "fields": {
        "action": 17,
        "action_status": 10,
        "status_logged": "2018-02-09T07:17:27.443Z"
    }
},
{
    "model": "goals.actionlog",
    "pk": 579,
    "fields": {
        "action": 102,
        "action_status": 0,
        "status_logged": "2018-02-09T07:22:04.221Z"
    }
},
{
    "model": "goals.actionlog",
    "pk": 582,
    "fields": {
        "action": 102,
        "action_status": 10,
        "status_logged": "2018-02-09T21:36:16.157Z"
    }
},
{
    "model": "goals.actionlog",
    "pk": 585,
    "fields": {
        "action": 118,
        "action_status": 10,
        "status_logged": "2018-02-12T00:40:05.470Z"
    }
},
{
    "model": "goals.actionlog",
    "pk": 586,
    "fields": {
        "action": 118,
        "action_status": 10,
        "status_logged": "2018-02-12T00:40:09.798Z"
    }
},
{
    "model": "goals.actionlog",
    "pk": 595,
    "fields": {
        "action": 118,
        "action_status": 10,
        "status_logged": "2018-02-13T05:25:46.579Z"
    }
},
{
    "model": "goals.actionlog",
    "pk": 596,
    "fields": {
        "action": 117,
        "action_status": 10,
        "status_logged": "2018-02-13T05:26:37.962Z"
    }
},
{
    "model": "goals.actionlog",
    "pk": 603,
    "fields": {
        "action": 53,
        "action_status": 0,
        "status_logged": "2018-02-13T05:28:54.534Z"
    }
},
{
    "model": "goals.actionlog",
    "pk": 604,
    "fields": {
        "action": 72,
        "action_status": 0,
        "status_logged": "2018-02-13T05:28:57.993Z"
    }
},
{
    "model": "goals.actionlog",
    "pk": 609,
    "fields": {
        "action": 23,
        "action_status": 0,
        "status_logged": "2018-02-13T05:30:42.517Z"
    }
},
{
    "model": "goals.actionlog",
    "pk": 610,
    "fields": {
        "action": 102,
        "action_status": 0,
        "status_logged": "2018-02-13T05:30:48.397Z"
    }
},
{
    "model": "goals.actionlog",
    "pk": 613,
    "fields": {
        "action": 23,
        "action_status": 0,
        "status_logged": "2018-02-14T07:20:56.063Z"
    }
},
{
    "model": "goals.actionlog",
    "pk": 614,
    "fields": {
        "action": 102,
        "action_status": 0,
        "status_logged": "2018-02-14T07:21:09.677Z"
    }
},
{
    "model": "goals.actionlog",
    "pk": 615,
    "fields": {
        "action": 116,
        "action_status": 0,
        "status_logged": "2018-02-14T07:21:19.958Z"
    }
},
{
    "model": "goals.actionlog",
    "pk": 622,
    "fields": {
        "action": 17,
        "action_status": 10,
        "status_logged": "2018-02-14T07:24:43.958Z"
    }
},
{
    "model": "goals.actionlog",
    "pk": 623,
    "fields": {
        "action": 53,
        "action_status": 0,
        "status_logged": "2018-02-14T07:24:50.822Z"
    }
},
{
    "model": "goals.actionlog",
    "pk": 624,
    "fields": {
        "action": 72,
        "action_status": 0,
        "status_logged": "2018-02-14T07:24:55.058Z"
    }
},
{
    "model": "goals.actionlog",
    "pk": 636,
    "fields": {
        "action": 118,
        "action_status": 10,
        "status_logged": "2018-02-14T07:31:40.612Z"
    }
},
{
    "model": "goals.actionlog",
    "pk": 637,
    "fields": {
        "action": 122,
        "action_status": 5,
        "status_logged": "2018-02-14T07:31:51.891Z"
    }
},
{
    "model": "goals.actionlog",
    "pk": 638,
    "fields": {
        "action": 114,
        "action_status": 5,
        "status_logged": "2018-02-14T07:31:58.536Z"
    }
},
{
    "model": "goals.actionlog",
    "pk": 639,
    "fields": {
        "action": 117,
        "action_status": 5,
        "status_logged": "2018-02-14T07:32:09.727Z"
    }
},
{
    "model": "goals.actionlog",
    "pk": 646,
    "fields": {
        "action": 122,
        "action_status": 10,
        "status_logged": "2018-02-15T14:58:26.457Z"
    }
},
{
    "model": "goals.actionlog",
    "pk": 647,
    "fields": {
        "action": 114,
        "action_status": 10,
        "status_logged": "2018-02-15T14:58:30.693Z"
    }
},
{
    "model": "goals.actionlog",
    "pk": 653,
    "fields": {
        "action": 17,
        "action_status": 10,
        "status_logged": "2018-02-15T15:00:14.622Z"
    }
},
{
    "model": "goals.actionlog",
    "pk": 660,
    "fields": {
        "action": 53,
        "action_status": 10,
        "status_logged": "2018-02-15T15:02:22.736Z"
    }
},
{
    "model": "goals.actionlog",
    "pk": 662,
    "fields": {
        "action": 23,
        "action_status": 10,
        "status_logged": "2018-02-15T15:02:48.109Z"
    }
},
{
    "model": "goals.actionlog",
    "pk": 673,
    "fields": {
        "action": 17,
        "action_status": 10,
        "status_logged": "2018-02-16T05:59:53.421Z"
    }
},
{
    "model": "goals.actionlog",
    "pk": 678,
    "fields": {
        "action": 72,
        "action_status": 10,
        "status_logged": "2018-02-16T06:05:00.568Z"
    }
},
{
    "model": "goals.actionlog",
    "pk": 683,
    "fields": {
        "action": 23,
        "action_status": 0,
        "status_logged": "2018-02-16T06:06:23.526Z"
    }
},
{
    "model": "goals.actionlog",
    "pk": 684,
    "fields": {
        "action": 102,
        "action_status": 0,
        "status_logged": "2018-02-16T06:06:26.366Z"
    }
},
{
    "model": "goals.actionlog",
    "pk": 690,
    "fields": {
        "action": 17,
        "action_status": 10,
        "status_logged": "2018-02-17T06:01:50.680Z"
    }
},
{
    "model": "goals.actionlog",
    "pk": 691,
    "fields": {
        "action": 53,
        "action_status": 0,
        "status_logged": "2018-02-17T06:02:29.619Z"
    }
},
{
    "model": "goals.actionlog",
    "pk": 692,
    "fields": {
        "action": 72,
        "action_status": 0,
        "status_logged": "2018-02-17T06:02:33.417Z"
    }
},
{
    "model": "goals.actionlog",
    "pk": 693,
    "fields": {
        "action": 116,
        "action_status": 0,
        "status_logged": "2018-02-17T06:02:39.627Z"
    }
},
{
    "model": "goals.actionlog",
    "pk": 698,
    "fields": {
        "action": 23,
        "action_status": 0,
        "status_logged": "2018-02-17T06:03:56.981Z"
    }
},
{
    "model": "goals.actionlog",
    "pk": 699,
    "fields": {
        "action": 102,
        "action_status": 0,
        "status_logged": "2018-02-17T06:04:00.743Z"
    }
},
{
    "model": "goals.actionlog",
    "pk": 713,
    "fields": {
        "action": 118,
        "action_status": 10,
        "status_logged": "2018-02-21T02:37:18.480Z"
    }
},
{
    "model": "goals.actionlog",
    "pk": 714,
    "fields": {
        "action": 114,
        "action_status": 10,
        "status_logged": "2018-02-21T02:37:24.352Z"
    }
},
{
    "model": "goals.actionlog",
    "pk": 721,
    "fields": {
        "action": 17,
        "action_status": 10,
        "status_logged": "2018-02-21T02:40:12.391Z"
    }
},
{
    "model": "goals.actionlog",
    "pk": 722,
    "fields": {
        "action": 17,
        "action_status": 10,
        "status_logged": "2018-02-21T02:40:17.138Z"
    }
},
{
    "model": "goals.actionlog",
    "pk": 723,
    "fields": {
        "action": 53,
        "action_status": 10,
        "status_logged": "2018-02-21T02:40:24.624Z"
    }
},
{
    "model": "goals.actionlog",
    "pk": 724,
    "fields": {
        "action": 53,
        "action_status": 0,
        "status_logged": "2018-02-21T02:40:31.923Z"
    }
},
{
    "model": "goals.actionlog",
    "pk": 725,
    "fields": {
        "action": 23,
        "action_status": 10,
        "status_logged": "2018-02-21T02:40:58.020Z"
    }
},
{
    "model": "goals.actionlog",
    "pk": 726,
    "fields": {
        "action": 23,
        "action_status": 0,
        "status_logged": "2018-02-21T02:40:59.831Z"
    }
},
{
    "model": "goals.actionlog",
    "pk": 727,
    "fields": {
        "action": 102,
        "action_status": 10,
        "status_logged": "2018-02-21T02:41:03.871Z"
    }
},
{
    "model": "goals.actionlog",
    "pk": 728,
    "fields": {
        "action": 102,
        "action_status": 0,
        "status_logged": "2018-02-21T02:41:08.649Z"
    }
},
{
    "model": "goals.actionlog",
    "pk": 729,
    "fields": {
        "action": 102,
        "action_status": 0,
        "status_logged": "2018-02-21T02:41:10.348Z"
    }
},
{
    "model": "goals.actionlog",
    "pk": 730,
    "fields": {
        "action": 102,
        "action_status": 0,
        "status_logged": "2018-02-21T02:41:15.150Z"
    }
},
{
    "model": "goals.actionlog",
    "pk": 738,
    "fields": {
        "action": 17,
        "action_status": 10,
        "status_logged": "2018-02-21T15:56:16.341Z"
    }
},
{
    "model": "goals.actionlog",
    "pk": 743,
    "fields": {
        "action": 118,
        "action_status": 10,
        "status_logged": "2018-02-22T06:28:55.361Z"
    }
},
{
    "model": "goals.actionlog",
    "pk": 744,
    "fields": {
        "action": 117,
        "action_status": 10,
        "status_logged": "2018-02-22T06:29:06.401Z"
    }
},
{
    "model": "goals.actionlog",
    "pk": 754,
    "fields": {
        "action": 17,
        "action_status": 10,
        "status_logged": "2018-02-22T06:34:57.031Z"
    }
},
{
    "model": "goals.actionlog",
    "pk": 757,
    "fields": {
        "action": 53,
        "action_status": 10,
        "status_logged": "2018-02-22T06:35:47.216Z"
    }
},
{
    "model": "goals.actionlog",
    "pk": 761,
    "fields": {
        "action": 23,
        "action_status": 10,
        "status_logged": "2018-02-22T06:36:47.504Z"
    }
},
{
    "model": "goals.actionlog",
    "pk": 762,
    "fields": {
        "action": 102,
        "action_status": 10,
        "status_logged": "2018-02-22T06:36:51.588Z"
    }
},
{
    "model": "goals.actionlog",
    "pk": 771,
    "fields": {
        "action": 118,
        "action_status": 10,
        "status_logged": "2018-02-27T18:37:46.848Z"
    }
},
{
    "model": "goals.actionlog",
    "pk": 788,
    "fields": {
        "action": 118,
        "action_status": 10,
        "status_logged": "2018-02-28T00:45:44.889Z"
    }
},
{
    "model": "goals.actionlog",
    "pk": 789,
    "fields": {
        "action": 118,
        "action_status": 5,
        "status_logged": "2018-02-28T06:05:12.694Z"
    }
},
{
    "model": "goals.actionlog",
    "pk": 808,
    "fields": {
        "action": 102,
        "action_status": 10,
        "status_logged": "2018-03-16T00:36:17.451Z"
    }
},
{
    "model": "goals.actionlog",
    "pk": 809,
    "fields": {
        "action": 102,
        "action_status": 10,
        "status_logged": "2018-03-16T00:36:21.735Z"
    }
},
{
    "model": "goals.actionlog",
    "pk": 810,
    "fields": {
        "action": 23,
        "action_status": 0,
        "status_logged": "2018-03-19T22:23:47.196Z"
    }
},
{
    "model": "goals.actionlog",
    "pk": 811,
    "fields": {
        "action": 102,
        "action_status": 0,
        "status_logged": "2018-03-19T22:23:49.199Z"
    }
},
{
    "model": "goals.actionlog",
    "pk": 812,
    "fields": {
        "action": 116,
        "action_status": 0,
        "status_logged": "2018-03-19T22:23:50.911Z"
    }
}
]
